136485780064997_181349562245285,My resolution is to join a gym and start spinning classes,2016-03-11 10:03:46,136485780064997
136485780064997_181349552245286,I started swimming three days a week at the local YMCA,2016-03-11 10:03:45,136485780064997
136485780064997_181349545578620,I am planning to hike the Grand Canyon next fall,2016-03-11 10:03:44,136485780064997
136485780064997_181349525578622,I am running in a marathon this summer,2016-03-11 10:03:43,136485780064997
136485780064997_181349518911956,I’m taking part in a bike race this weekend,2016-03-11 10:03:42,136485780064997
136485780064997_181349495578625,I look forward to the spring so I can start jogging again,2016-03-11 10:03:41,136485780064997
136485780064997_181349512245290,I need a new pair of hiking boots before my trip,2016-03-11 10:03:41,136485780064997
136485780064997_181349482245293,I’m looking forward to my spring break holiday on the beach in Mexico,2016-03-11 10:03:40,136485780064997
136485780064997_181349472245294,I hope that we get more snow before I go skiing this weekend,2016-03-11 10:03:39,136485780064997
136485780064997_181349458911962,I went snowboarding for the first time this year this past weekend,2016-03-11 10:03:38,136485780064997
136485780064997_181349442245297,I just started a new Yoga class,2016-03-11 10:03:37,136485780064997
136485780064997_181349422245299,Homeland is the best series on TV right now,2016-03-11 10:03:36,136485780064997
136485780064997_181349415578633,I can’t believe that this is the last season of The Good Wife,2016-03-11 10:03:35,136485780064997
136485780064997_181349405578634,I’m watching old episodes of Friends again. It’s so funny!,2016-03-11 10:03:34,136485780064997
136485780064997_181349398911968,I wonder what twists and turns there will be in the new season of House of Cards,2016-03-11 10:03:33,136485780064997
136485780064997_181349378911970,The Walking Dead is so scary,2016-03-11 10:03:33,136485780064997
136485780064997_181349358911972,Mulder and Scully back together in X Files!,2016-03-11 10:03:32,136485780064997
136485780064997_181349345578640,BIg Bang Theory is the best comedy on TV,2016-03-11 10:03:31,136485780064997
136485780064997_181349335578641,I can’t wait for the next season of Game of Thrones to start,2016-03-11 10:03:30,136485780064997
136485780064997_181349328911975,Just watched the latest James Bond movie. Great action flick as usual.,2016-03-11 10:03:29,136485780064997
136485780064997_181349315578643,Ghostbusters remake. How awesome is that?,2016-03-11 10:03:28,136485780064997
136485780064997_181349298911978,Superman is the best superhero ever,2016-03-11 10:03:27,136485780064997
136485780064997_181349305578644,Kung Fu Panda was hilarious,2016-03-11 10:03:27,136485780064997
136485780064997_181349292245312,I can’t wait for Superman vs. Batman to come out.,2016-03-11 10:03:26,136485780064997
136485780064997_181349285578646,Can’t wait to watch The Lord of the Rings trilogy again.,2016-03-11 10:03:25,136485780064997
130534780660820_177661322614832,My resolution is to join a gym and start spinning classes,2016-03-11 10:05:12,130534780660820
130534780660820_177661285948169,I am planning to hike the Grand Canyon next fall,2016-03-11 10:05:11,130534780660820
130534780660820_177661305948167,I started swimming three days a week at the local YMCA,2016-03-11 10:05:11,130534780660820
130534780660820_177661262614838,I am running in a marathon this summer,2016-03-11 10:05:10,130534780660820
130534780660820_177661249281506,I’m taking part in a bike race this weekend,2016-03-11 10:05:09,130534780660820
130534780660820_177661235948174,I need a new pair of hiking boots before my trip,2016-03-11 10:05:08,130534780660820
130534780660820_177661222614842,I look forward to the spring so I can start jogging again,2016-03-11 10:05:07,130534780660820
130534780660820_177661212614843,I’m looking forward to my spring break holiday on the beach in Mexico,2016-03-11 10:05:06,130534780660820
130534780660820_177661205948177,I hope that we get more snow before I go skiing this weekend,2016-03-11 10:05:05,130534780660820
130534780660820_177661195948178,I went snowboarding for the first time this year this past weekend,2016-03-11 10:05:04,130534780660820
130534780660820_177661169281514,Homeland is the best series on TV right now,2016-03-11 10:05:03,130534780660820
130534780660820_177661182614846,I just started a new Yoga class,2016-03-11 10:05:03,130534780660820
130534780660820_177661159281515,I can’t believe that this is the last season of The Good Wife,2016-03-11 10:05:02,130534780660820
130534780660820_177661142614850,I’m watching old episodes of Friends again. It’s so funny!,2016-03-11 10:05:01,130534780660820
130534780660820_177661129281518,I wonder what twists and turns there will be in the new season of House of Cards,2016-03-11 10:04:59,130534780660820
130534780660820_177661102614854,The Walking Dead is so scary,2016-03-11 10:04:58,130534780660820
130534780660820_177661072614857,Mulder and Scully back together in X Files!,2016-03-11 10:04:57,130534780660820
130534780660820_177661059281525,BIg Bang Theory is the best comedy on TV,2016-03-11 10:04:56,130534780660820
130534780660820_177661035948194,Just watched the latest James Bond movie. Great action flick as usual.,2016-03-11 10:04:55,130534780660820
130534780660820_177661052614859,I can’t wait for the next season of Game of Thrones to start,2016-03-11 10:04:55,130534780660820
130534780660820_177661025948195,Ghostbusters remake. How awesome is that?,2016-03-11 10:04:54,130534780660820
130534780660820_177661012614863,Kung Fu Panda was hilarious,2016-03-11 10:04:53,130534780660820
130534780660820_177661002614864,Superman is the best superhero ever,2016-03-11 10:04:52,130534780660820
130534780660820_177660995948198,I can’t wait for Superman vs. Batman to come out.,2016-03-11 10:04:51,130534780660820
130534780660820_177660989281532,Can’t wait to watch The Lord of the Rings trilogy again.,2016-03-11 10:04:50,130534780660820
136085473439320_178634765851057,My resolution is to join a gym and start spinning classes,2016-03-11 10:11:31,136085473439320
136085473439320_178634755851058,I started swimming three days a week at the local YMCA,2016-03-11 10:11:30,136085473439320
136085473439320_178634745851059,I am planning to hike the Grand Canyon next fall,2016-03-11 10:11:29,136085473439320
136085473439320_178634739184393,I am running in a marathon this summer,2016-03-11 10:11:29,136085473439320
136085473439320_178634722517728,I’m taking part in a bike race this weekend,2016-03-11 10:11:28,136085473439320
136085473439320_178634709184396,I need a new pair of hiking boots before my trip,2016-03-11 10:11:27,136085473439320
136085473439320_178634692517731,I look forward to the spring so I can start jogging again,2016-03-11 10:11:26,136085473439320
136085473439320_178634675851066,I’m looking forward to my spring break holiday on the beach in Mexico,2016-03-11 10:11:25,136085473439320
136085473439320_178634662517734,I hope that we get more snow before I go skiing this weekend,2016-03-11 10:11:24,136085473439320
136085473439320_178634629184404,I went snowboarding for the first time this year this past weekend,2016-03-11 10:11:23,136085473439320
136085473439320_178634619184405,I just started a new Yoga class,2016-03-11 10:11:22,136085473439320
136085473439320_178634612517739,Homeland is the best series on TV right now,2016-03-11 10:11:21,136085473439320
136085473439320_178634605851073,I can’t believe that this is the last season of The Good Wife,2016-03-11 10:11:20,136085473439320
136085473439320_178634599184407,I’m watching old episodes of Friends again. It’s so funny!,2016-03-11 10:11:19,136085473439320
136085473439320_178634582517742,The Walking Dead is so scary,2016-03-11 10:11:18,136085473439320
136085473439320_178634589184408,I wonder what twists and turns there will be in the new season of House of Cards,2016-03-11 10:11:18,136085473439320
136085473439320_178634572517743,Mulder and Scully back together in X Files!,2016-03-11 10:11:17,136085473439320
136085473439320_178634555851078,BIg Bang Theory is the best comedy on TV,2016-03-11 10:11:16,136085473439320
136085473439320_178634545851079,I can’t wait for the next season of Game of Thrones to start,2016-03-11 10:11:15,136085473439320
136085473439320_178634532517747,Just watched the latest James Bond movie. Great action flick as usual.,2016-03-11 10:11:14,136085473439320
136085473439320_178634525851081,Ghostbusters remake. How awesome is that?,2016-03-11 10:11:13,136085473439320
136085473439320_178634515851082,Kung Fu Panda was hilarious,2016-03-11 10:11:12,136085473439320
136085473439320_178634509184416,Superman is the best superhero ever,2016-03-11 10:11:11,136085473439320
136085473439320_178634479184419,Can’t wait to watch The Lord of the Rings trilogy again.,2016-03-11 10:11:09,136085473439320
136085473439320_178634489184418,I can’t wait for Superman vs. Batman to come out.,2016-03-11 10:11:09,136085473439320
127995637581737_180975465617087,My resolution is to join a gym and start spinning classes,2016-03-11 10:14:47,127995637581737
127995637581737_180975448950422,I started swimming three days a week at the local YMCA,2016-03-11 10:14:46,127995637581737
127995637581737_180975442283756,I am planning to hike the Grand Canyon next fall,2016-03-11 10:14:45,127995637581737
127995637581737_180975432283757,I am running in a marathon this summer,2016-03-11 10:14:44,127995637581737
127995637581737_180975412283759,I need a new pair of hiking boots before my trip,2016-03-11 10:14:43,127995637581737
127995637581737_180975418950425,I’m taking part in a bike race this weekend,2016-03-11 10:14:43,127995637581737
127995637581737_180975398950427,I look forward to the spring so I can start jogging again,2016-03-11 10:14:42,127995637581737
127995637581737_180975392283761,I’m looking forward to my spring break holiday on the beach in Mexico,2016-03-11 10:14:41,127995637581737
127995637581737_180975378950429,I hope that we get more snow before I go skiing this weekend,2016-03-11 10:14:40,127995637581737
127995637581737_180975368950430,I went snowboarding for the first time this year this past weekend,2016-03-11 10:14:39,127995637581737
127995637581737_180975358950431,I just started a new Yoga class,2016-03-11 10:14:38,127995637581737
127995637581737_180975345617099,Homeland is the best series on TV right now,2016-03-11 10:14:37,127995637581737
127995637581737_180975332283767,I can’t believe that this is the last season of The Good Wife,2016-03-11 10:14:36,127995637581737
127995637581737_180975325617101,I’m watching old episodes of Friends again. It’s so funny!,2016-03-11 10:14:35,127995637581737
127995637581737_180975312283769,I wonder what twists and turns there will be in the new season of House of Cards,2016-03-11 10:14:34,127995637581737
127995637581737_180975305617103,The Walking Dead is so scary,2016-03-11 10:14:33,127995637581737
127995637581737_180975288950438,Mulder and Scully back together in X Files!,2016-03-11 10:14:32,127995637581737
127995637581737_180975278950439,BIg Bang Theory is the best comedy on TV,2016-03-11 10:14:31,127995637581737
127995637581737_180975265617107,I can’t wait for the next season of Game of Thrones to start,2016-03-11 10:14:30,127995637581737
127995637581737_180975255617108,Just watched the latest James Bond movie. Great action flick as usual.,2016-03-11 10:14:30,127995637581737
127995637581737_180975242283776,Ghostbusters remake. How awesome is that?,2016-03-11 10:14:29,127995637581737
127995637581737_180975228950444,Kung Fu Panda was hilarious,2016-03-11 10:14:28,127995637581737
127995637581737_180975218950445,Superman is the best superhero ever,2016-03-11 10:14:27,127995637581737
127995637581737_180975202283780,I can’t wait for Superman vs. Batman to come out.,2016-03-11 10:14:26,127995637581737
127995637581737_180975192283781,Can’t wait to watch The Lord of the Rings trilogy again.,2016-03-11 10:14:25,127995637581737
134326060282233_180273645687474,My resolution is to join a gym and start spinning classes,2016-03-11 10:17:30,134326060282233
134326060282233_180273459020826,I am planning to hike the Grand Canyon next fall,2016-03-11 10:17:29,134326060282233
134326060282233_180273552354150,I started swimming three days a week at the local YMCA,2016-03-11 10:17:29,134326060282233
134326060282233_180273295687509,I am running in a marathon this summer,2016-03-11 10:17:28,134326060282233
134326060282233_180272955687543,I’m taking part in a bike race this weekend,2016-03-11 10:17:27,134326060282233
134326060282233_180272495687589,I need a new pair of hiking boots before my trip,2016-03-11 10:17:26,134326060282233
134326060282233_180272299020942,I look forward to the spring so I can start jogging again,2016-03-11 10:17:25,134326060282233
134326060282233_180272279020944,I’m looking forward to my spring break holiday on the beach in Mexico,2016-03-11 10:17:24,134326060282233
134326060282233_180272245687614,I hope that we get more snow before I go skiing this weekend,2016-03-11 10:17:23,134326060282233
134326060282233_180272232354282,I went snowboarding for the first time this year this past weekend,2016-03-11 10:17:22,134326060282233
134326060282233_180272215687617,I just started a new Yoga class,2016-03-11 10:17:21,134326060282233
134326060282233_180272195687619,Homeland is the best series on TV right now,2016-03-11 10:17:20,134326060282233
134326060282233_180272169020955,I can’t believe that this is the last season of The Good Wife,2016-03-11 10:17:19,134326060282233
134326060282233_180272149020957,I’m watching old episodes of Friends again. It’s so funny!,2016-03-11 10:17:18,134326060282233
134326060282233_180272122354293,I wonder what twists and turns there will be in the new season of House of Cards,2016-03-11 10:17:18,134326060282233
134326060282233_180272109020961,The Walking Dead is so scary,2016-03-11 10:17:16,134326060282233
134326060282233_180272095687629,Mulder and Scully back together in X Files!,2016-03-11 10:17:15,134326060282233
134326060282233_180272085687630,BIg Bang Theory is the best comedy on TV,2016-03-11 10:17:14,134326060282233
134326060282233_180272072354298,I can’t wait for the next season of Game of Thrones to start,2016-03-11 10:17:14,134326060282233
134326060282233_180272062354299,Just watched the latest James Bond movie. Great action flick as usual.,2016-03-11 10:17:13,134326060282233
134326060282233_180272052354300,Ghostbusters remake. How awesome is that?,2016-03-11 10:17:12,134326060282233
134326060282233_180272032354302,Kung Fu Panda was hilarious,2016-03-11 10:17:11,134326060282233
134326060282233_180272025687636,Superman is the best superhero ever,2016-03-11 10:17:10,134326060282233
134326060282233_180272019020970,I can’t wait for Superman vs. Batman to come out.,2016-03-11 10:17:09,134326060282233
134326060282233_180272009020971,Can’t wait to watch The Lord of the Rings trilogy again.,2016-03-11 10:17:08,134326060282233
120407991674709_175162649532576,My resolution is to join a gym and start spinning classes,2016-03-11 10:19:29,120407991674709
120407991674709_175162642865910,I started swimming three days a week at the local YMCA,2016-03-11 10:19:28,120407991674709
120407991674709_175162622865912,I am planning to hike the Grand Canyon next fall,2016-03-11 10:19:27,120407991674709
120407991674709_175162612865913,I am running in a marathon this summer,2016-03-11 10:19:26,120407991674709
120407991674709_175162602865914,I’m taking part in a bike race this weekend,2016-03-11 10:19:25,120407991674709
120407991674709_175162592865915,I need a new pair of hiking boots before my trip,2016-03-11 10:19:24,120407991674709
120407991674709_175162586199249,I look forward to the spring so I can start jogging again,2016-03-11 10:19:23,120407991674709
120407991674709_175162579532583,I’m looking forward to my spring break holiday on the beach in Mexico,2016-03-11 10:19:22,120407991674709
120407991674709_175162572865917,I hope that we get more snow before I go skiing this weekend,2016-03-11 10:19:21,120407991674709
120407991674709_175162566199251,I went snowboarding for the first time this year this past weekend,2016-03-11 10:19:20,120407991674709
120407991674709_175162556199252,I just started a new Yoga class,2016-03-11 10:19:19,120407991674709
120407991674709_175162546199253,Homeland is the best series on TV right now,2016-03-11 10:19:18,120407991674709
120407991674709_175162532865921,I can’t believe that this is the last season of The Good Wife,2016-03-11 10:19:17,120407991674709
120407991674709_175162526199255,I’m watching old episodes of Friends again. It’s so funny!,2016-03-11 10:19:16,120407991674709
120407991674709_175162506199257,I wonder what twists and turns there will be in the new season of House of Cards,2016-03-11 10:19:15,120407991674709
120407991674709_175162489532592,Mulder and Scully back together in X Files!,2016-03-11 10:19:14,120407991674709
120407991674709_175162496199258,The Walking Dead is so scary,2016-03-11 10:19:14,120407991674709
120407991674709_175162482865926,BIg Bang Theory is the best comedy on TV,2016-03-11 10:19:13,120407991674709
120407991674709_175162476199260,I can’t wait for the next season of Game of Thrones to start,2016-03-11 10:19:12,120407991674709
120407991674709_175162462865928,Just watched the latest James Bond movie. Great action flick as usual.,2016-03-11 10:19:11,120407991674709
120407991674709_175162452865929,Ghostbusters remake. How awesome is that?,2016-03-11 10:19:10,120407991674709
120407991674709_175162442865930,Kung Fu Panda was hilarious,2016-03-11 10:19:09,120407991674709
120407991674709_175162432865931,Superman is the best superhero ever,2016-03-11 10:19:08,120407991674709
120407991674709_175162419532599,I can’t wait for Superman vs. Batman to come out.,2016-03-11 10:19:07,120407991674709
120407991674709_175162399532601,Can’t wait to watch The Lord of the Rings trilogy again.,2016-03-11 10:19:06,120407991674709
116264482089656_174121479637289,My resolution is to join a gym and start spinning classes,2016-03-11 10:20:21,116264482089656
116264482089656_174121466303957,I started swimming three days a week at the local YMCA,2016-03-11 10:20:20,116264482089656
116264482089656_174121459637291,I am planning to hike the Grand Canyon next fall,2016-03-11 10:20:19,116264482089656
116264482089656_174121452970625,I am running in a marathon this summer,2016-03-11 10:20:18,116264482089656
116264482089656_174121446303959,I’m taking part in a bike race this weekend,2016-03-11 10:20:17,116264482089656
116264482089656_174121439637293,I need a new pair of hiking boots before my trip,2016-03-11 10:20:16,116264482089656
116264482089656_174121432970627,I look forward to the spring so I can start jogging again,2016-03-11 10:20:15,116264482089656
116264482089656_174121426303961,I’m looking forward to my spring break holiday on the beach in Mexico,2016-03-11 10:20:14,116264482089656
116264482089656_174121419637295,I hope that we get more snow before I go skiing this weekend,2016-03-11 10:20:13,116264482089656
116264482089656_174121409637296,I went snowboarding for the first time this year this past weekend,2016-03-11 10:20:12,116264482089656
116264482089656_174121392970631,I just started a new Yoga class,2016-03-11 10:20:10,116264482089656
116264482089656_174121376303966,Homeland is the best series on TV right now,2016-03-11 10:20:09,116264482089656
116264482089656_174121366303967,I can’t believe that this is the last season of The Good Wife,2016-03-11 10:20:08,116264482089656
116264482089656_174121352970635,I’m watching old episodes of Friends again. It’s so funny!,2016-03-11 10:20:07,116264482089656
116264482089656_174121342970636,I wonder what twists and turns there will be in the new season of House of Cards,2016-03-11 10:20:06,116264482089656
116264482089656_174121332970637,The Walking Dead is so scary,2016-03-11 10:20:05,116264482089656
116264482089656_174121006304003,Mulder and Scully back together in X Files!,2016-03-11 10:20:04,116264482089656
116264482089656_174120986304005,I can’t wait for the next season of Game of Thrones to start,2016-03-11 10:20:03,116264482089656
116264482089656_174120999637337,BIg Bang Theory is the best comedy on TV,2016-03-11 10:20:03,116264482089656
116264482089656_174120976304006,Just watched the latest James Bond movie. Great action flick as usual.,2016-03-11 10:20:02,116264482089656
116264482089656_174120966304007,Ghostbusters remake. How awesome is that?,2016-03-11 10:20:01,116264482089656
116264482089656_174120946304009,Kung Fu Panda was hilarious,2016-03-11 10:20:00,116264482089656
116264482089656_174120922970678,Superman is the best superhero ever,2016-03-11 10:19:59,116264482089656
116264482089656_174120912970679,I can’t wait for Superman vs. Batman to come out.,2016-03-11 10:19:58,116264482089656
116264482089656_174120906304013,Can’t wait to watch The Lord of the Rings trilogy again.,2016-03-11 10:19:57,116264482089656
109222949461609_173499866367250,My resolution is to join a gym and start spinning classes,2016-03-11 10:23:15,109222949461609
109222949461609_173499849700585,I started swimming three days a week at the local YMCA,2016-03-11 10:23:14,109222949461609
109222949461609_173499833033920,I am planning to hike the Grand Canyon next fall,2016-03-11 10:23:13,109222949461609
109222949461609_173499826367254,I am running in a marathon this summer,2016-03-11 10:23:12,109222949461609
109222949461609_173499819700588,I’m taking part in a bike race this weekend,2016-03-11 10:23:11,109222949461609
109222949461609_173499806367256,I need a new pair of hiking boots before my trip,2016-03-11 10:23:10,109222949461609
109222949461609_173499783033925,I look forward to the spring so I can start jogging again,2016-03-11 10:23:10,109222949461609
109222949461609_173499773033926,I’m looking forward to my spring break holiday on the beach in Mexico,2016-03-11 10:23:09,109222949461609
109222949461609_173499766367260,I hope that we get more snow before I go skiing this weekend,2016-03-11 10:23:08,109222949461609
109222949461609_173499666367270,I went snowboarding for the first time this year this past weekend,2016-03-11 10:23:07,109222949461609
109222949461609_173499656367271,I just started a new Yoga class,2016-03-11 10:23:06,109222949461609
109222949461609_173499639700606,Homeland is the best series on TV right now,2016-03-11 10:23:05,109222949461609
109222949461609_173499613033942,I can’t believe that this is the last season of The Good Wife,2016-03-11 10:23:04,109222949461609
109222949461609_173499593033944,I wonder what twists and turns there will be in the new season of House of Cards,2016-03-11 10:23:03,109222949461609
109222949461609_173499606367276,I’m watching old episodes of Friends again. It’s so funny!,2016-03-11 10:23:03,109222949461609
109222949461609_173499469700623,The Walking Dead is so scary,2016-03-11 10:23:02,109222949461609
109222949461609_173499306367306,Mulder and Scully back together in X Files!,2016-03-11 10:23:00,109222949461609
109222949461609_173498896367347,BIg Bang Theory is the best comedy on TV,2016-03-11 10:22:59,109222949461609
109222949461609_173498653034038,I can’t wait for the next season of Game of Thrones to start,2016-03-11 10:22:58,109222949461609
109222949461609_173498613034042,Just watched the latest James Bond movie. Great action flick as usual.,2016-03-11 10:22:57,109222949461609
109222949461609_173498599700710,Ghostbusters remake. How awesome is that?,2016-03-11 10:22:56,109222949461609
109222949461609_173498593034044,Kung Fu Panda was hilarious,2016-03-11 10:22:55,109222949461609
109222949461609_173498583034045,Superman is the best superhero ever,2016-03-11 10:22:54,109222949461609
109222949461609_173498569700713,I can’t wait for Superman vs. Batman to come out.,2016-03-11 10:22:53,109222949461609
109222949461609_173498559700714,Can’t wait to watch The Lord of the Rings trilogy again.,2016-03-11 10:22:53,109222949461609
112761635774609_170513279999444,My resolution is to join a gym and start spinning classes,2016-03-11 10:26:25,112761635774609
112761635774609_170513269999445,I started swimming three days a week at the local YMCA,2016-03-11 10:26:24,112761635774609
112761635774609_170513243332781,I am planning to hike the Grand Canyon next fall,2016-03-11 10:26:23,112761635774609
112761635774609_170513183332787,I am running in a marathon this summer,2016-03-11 10:26:22,112761635774609
112761635774609_170513163332789,I’m taking part in a bike race this weekend,2016-03-11 10:26:21,112761635774609
112761635774609_170513156666123,I need a new pair of hiking boots before my trip,2016-03-11 10:26:20,112761635774609
112761635774609_170513146666124,I look forward to the spring so I can start jogging again,2016-03-11 10:26:20,112761635774609
112761635774609_170513139999458,I’m looking forward to my spring break holiday on the beach in Mexico,2016-03-11 10:26:19,112761635774609
112761635774609_170513129999459,I hope that we get more snow before I go skiing this weekend,2016-03-11 10:26:18,112761635774609
112761635774609_170513123332793,I went snowboarding for the first time this year this past weekend,2016-03-11 10:26:17,112761635774609
112761635774609_170513113332794,I just started a new Yoga class,2016-03-11 10:26:16,112761635774609
112761635774609_170513106666128,Homeland is the best series on TV right now,2016-03-11 10:26:15,112761635774609
112761635774609_170513099999462,I can’t believe that this is the last season of The Good Wife,2016-03-11 10:26:14,112761635774609
112761635774609_170513093332796,I’m watching old episodes of Friends again. It’s so funny!,2016-03-11 10:26:12,112761635774609
112761635774609_170513083332797,I wonder what twists and turns there will be in the new season of House of Cards,2016-03-11 10:26:11,112761635774609
112761635774609_170513069999465,The Walking Dead is so scary,2016-03-11 10:26:10,112761635774609
112761635774609_170513053332800,Mulder and Scully back together in X Files!,2016-03-11 10:26:09,112761635774609
112761635774609_170513039999468,BIg Bang Theory is the best comedy on TV,2016-03-11 10:26:08,112761635774609
112761635774609_170513029999469,I can’t wait for the next season of Game of Thrones to start,2016-03-11 10:26:07,112761635774609
112761635774609_170513019999470,Just watched the latest James Bond movie. Great action flick as usual.,2016-03-11 10:26:06,112761635774609
112761635774609_170513006666138,Ghostbusters remake. How awesome is that?,2016-03-11 10:26:05,112761635774609
112761635774609_170512996666139,Kung Fu Panda was hilarious,2016-03-11 10:26:04,112761635774609
112761635774609_170512979999474,I can’t wait for Superman vs. Batman to come out.,2016-03-11 10:26:03,112761635774609
112761635774609_170512986666140,Superman is the best superhero ever,2016-03-11 10:26:03,112761635774609
112761635774609_170512973332808,Can’t wait to watch The Lord of the Rings trilogy again.,2016-03-11 10:26:02,112761635774609
135629766822168_170634686655009,My resolution is to join a gym and start spinning classes,2016-03-11 10:27:43,135629766822168
135629766822168_170634676655010,I started swimming three days a week at the local YMCA,2016-03-11 10:27:42,135629766822168
135629766822168_170634666655011,I am planning to hike the Grand Canyon next fall,2016-03-11 10:27:41,135629766822168
135629766822168_170634659988345,I am running in a marathon this summer,2016-03-11 10:27:40,135629766822168
135629766822168_170634626655015,I’m taking part in a bike race this weekend,2016-03-11 10:27:40,135629766822168
135629766822168_170634619988349,I need a new pair of hiking boots before my trip,2016-03-11 10:27:39,135629766822168
135629766822168_170634613321683,I look forward to the spring so I can start jogging again,2016-03-11 10:27:38,135629766822168
135629766822168_170634606655017,I’m looking forward to my spring break holiday on the beach in Mexico,2016-03-11 10:27:37,135629766822168
135629766822168_170634593321685,I hope that we get more snow before I go skiing this weekend,2016-03-11 10:27:36,135629766822168
135629766822168_170634559988355,I went snowboarding for the first time this year this past weekend,2016-03-11 10:27:35,135629766822168
135629766822168_170634523321692,Homeland is the best series on TV right now,2016-03-11 10:27:34,135629766822168
135629766822168_170634536655024,I just started a new Yoga class,2016-03-11 10:27:34,135629766822168
135629766822168_170634506655027,I can’t believe that this is the last season of The Good Wife,2016-03-11 10:27:33,135629766822168
135629766822168_170634496655028,I’m watching old episodes of Friends again. It’s so funny!,2016-03-11 10:27:32,135629766822168
135629766822168_170634483321696,I wonder what twists and turns there will be in the new season of House of Cards,2016-03-11 10:27:31,135629766822168
135629766822168_170634476655030,The Walking Dead is so scary,2016-03-11 10:27:30,135629766822168
135629766822168_170634469988364,Mulder and Scully back together in X Files!,2016-03-11 10:27:29,135629766822168
135629766822168_170634459988365,BIg Bang Theory is the best comedy on TV,2016-03-11 10:27:28,135629766822168
135629766822168_170634426655035,Just watched the latest James Bond movie. Great action flick as usual.,2016-03-11 10:27:27,135629766822168
135629766822168_170634443321700,I can’t wait for the next season of Game of Thrones to start,2016-03-11 10:27:27,135629766822168
135629766822168_170634416655036,Ghostbusters remake. How awesome is that?,2016-03-11 10:27:26,135629766822168
135629766822168_170634403321704,Kung Fu Panda was hilarious,2016-03-11 10:27:25,135629766822168
135629766822168_170634386655039,Superman is the best superhero ever,2016-03-11 10:27:24,135629766822168
135629766822168_170634366655041,I can’t wait for Superman vs. Batman to come out.,2016-03-11 10:27:23,135629766822168
135629766822168_170634353321709,Can’t wait to watch The Lord of the Rings trilogy again.,2016-03-11 10:27:22,135629766822168
129416944110667_166587813726913,I’m taking part in a bike race this weekend,2016-03-11 10:30:16,129416944110667
129416944110667_166587827060245,I am running in a marathon this summer,2016-03-11 10:30:16,129416944110667
129416944110667_166587807060247,I need a new pair of hiking boots before my trip,2016-03-11 10:30:15,129416944110667
129416944110667_166587797060248,I look forward to the spring so I can start jogging again,2016-03-11 10:30:13,129416944110667
129416944110667_166587777060250,I’m looking forward to my spring break holiday on the beach in Mexico,2016-03-11 10:30:12,129416944110667
129416944110667_166587763726918,I hope that we get more snow before I go skiing this weekend,2016-03-11 10:30:11,129416944110667
129416944110667_166587750393586,I went snowboarding for the first time this year this past weekend,2016-03-11 10:30:10,129416944110667
129416944110667_166587723726922,I just started a new Yoga class,2016-03-11 10:30:09,129416944110667
129416944110667_166587707060257,Homeland is the best series on TV right now,2016-03-11 10:30:08,129416944110667
129416944110667_166587687060259,I can’t believe that this is the last season of The Good Wife,2016-03-11 10:30:07,129416944110667
129416944110667_166587637060264,I wonder what twists and turns there will be in the new season of House of Cards,2016-03-11 10:30:06,129416944110667
129416944110667_166587663726928,I’m watching old episodes of Friends again. It’s so funny!,2016-03-11 10:30:06,129416944110667
129416944110667_166587623726932,The Walking Dead is so scary,2016-03-11 10:30:05,129416944110667
129416944110667_166587587060269,Mulder and Scully back together in X Files!,2016-03-11 10:29:57,129416944110667
129416944110667_166587570393604,BIg Bang Theory is the best comedy on TV,2016-03-11 10:29:56,129416944110667
129416944110667_166587557060272,I can’t wait for the next season of Game of Thrones to start,2016-03-11 10:29:55,129416944110667
129416944110667_166587477060280,Just watched the latest James Bond movie. Great action flick as usual.,2016-03-11 10:29:54,129416944110667
129416944110667_166587470393614,Ghostbusters remake. How awesome is that?,2016-03-11 10:29:53,129416944110667
129416944110667_166587463726948,Kung Fu Panda was hilarious,2016-03-11 10:29:52,129416944110667
129416944110667_166587450393616,Superman is the best superhero ever,2016-03-11 10:29:51,129416944110667
129416944110667_166587433726951,I can’t wait for Superman vs. Batman to come out.,2016-03-11 10:29:50,129416944110667
129416944110667_166587427060285,Can’t wait to watch The Lord of the Rings trilogy again.,2016-03-11 10:29:49,129416944110667
129416944110667_166587403726954,Excited about the next Marvel movie. Going to see Deadpool tonight.,2016-03-11 10:29:48,129416944110667
129416944110667_166587413726953,Jennifer Lawrence is awsome in The Hunger Games trilogy,2016-03-11 10:29:48,129416944110667
129416944110667_166587387060289,I just saw Star Wars Episode 7 The Force Awakens. It was amazing.,2016-03-11 10:29:47,129416944110667
128288064223600_163959673989772,My resolution is to join a gym and start spinning classes,2016-03-11 10:29:21,128288064223600
128288064223600_163959657323107,I started swimming three days a week at the local YMCA,2016-03-11 10:29:20,128288064223600
128288064223600_163959643989775,I am planning to hike the Grand Canyon next fall,2016-03-11 10:29:19,128288064223600
128288064223600_163959620656444,I am running in a marathon this summer,2016-03-11 10:29:18,128288064223600
128288064223600_163959607323112,I’m taking part in a bike race this weekend,2016-03-11 10:29:17,128288064223600
128288064223600_163959590656447,I need a new pair of hiking boots before my trip,2016-03-11 10:29:16,128288064223600
128288064223600_163959580656448,I look forward to the spring so I can start jogging again,2016-03-11 10:29:16,128288064223600
128288064223600_163959573989782,I’m looking forward to my spring break holiday on the beach in Mexico,2016-03-11 10:29:15,128288064223600
128288064223600_163959553989784,I hope that we get more snow before I go skiing this weekend,2016-03-11 10:29:14,128288064223600
128288064223600_163959533989786,I went snowboarding for the first time this year this past weekend,2016-03-11 10:29:13,128288064223600
128288064223600_163959517323121,I just started a new Yoga class,2016-03-11 10:29:12,128288064223600
128288064223600_163959500656456,Homeland is the best series on TV right now,2016-03-11 10:29:11,128288064223600
128288064223600_163959480656458,I’m watching old episodes of Friends again. It’s so funny!,2016-03-11 10:29:10,128288064223600
128288064223600_163959487323124,I can’t believe that this is the last season of The Good Wife,2016-03-11 10:29:10,128288064223600
179722642415451_181683525552696,Superman is the best superhero ever,2016-03-11 10:41:13,179722642415451
128288064223600_163959470656459,I wonder what twists and turns there will be in the new season of House of Cards,2016-03-11 10:29:09,128288064223600
128288064223600_163959457323127,The Walking Dead is so scary,2016-03-11 10:29:08,128288064223600
128288064223600_163959450656461,Mulder and Scully back together in X Files!,2016-03-11 10:29:07,128288064223600
128288064223600_163959427323130,BIg Bang Theory is the best comedy on TV,2016-03-11 10:29:06,128288064223600
128288064223600_163959417323131,I can’t wait for the next season of Game of Thrones to start,2016-03-11 10:29:05,128288064223600
128288064223600_163959380656468,Just watched the latest James Bond movie. Great action flick as usual.,2016-03-11 10:29:04,128288064223600
128288064223600_163959367323136,Ghostbusters remake. How awesome is that?,2016-03-11 10:29:03,128288064223600
128288064223600_163959353989804,Kung Fu Panda was hilarious,2016-03-11 10:29:02,128288064223600
128288064223600_163959327323140,I can’t wait for Superman vs. Batman to come out.,2016-03-11 10:29:01,128288064223600
128288064223600_163959333989806,Superman is the best superhero ever,2016-03-11 10:29:01,128288064223600
128288064223600_163959313989808,Can’t wait to watch The Lord of the Rings trilogy again.,2016-03-11 10:29:00,128288064223600
115772685476890_183689048685253,My resolution is to join a gym and start spinning classes,2016-03-11 10:31:53,115772685476890
115772685476890_183688995351925,I started swimming three days a week at the local YMCA,2016-03-11 10:31:51,115772685476890
115772685476890_183688942018597,I am planning to hike the Grand Canyon next fall,2016-03-11 10:31:49,115772685476890
115772685476890_183688885351936,I’m taking part in a bike race this weekend,2016-03-11 10:31:48,115772685476890
115772685476890_183688912018600,I am running in a marathon this summer,2016-03-11 10:31:48,115772685476890
115772685476890_183688858685272,I need a new pair of hiking boots before my trip,2016-03-11 10:31:47,115772685476890
115772685476890_183688818685276,I look forward to the spring so I can start jogging again,2016-03-11 10:31:46,115772685476890
115772685476890_183688758685282,I’m looking forward to my spring break holiday on the beach in Mexico,2016-03-11 10:31:45,115772685476890
115772685476890_183688688685289,I hope that we get more snow before I go skiing this weekend,2016-03-11 10:31:44,115772685476890
115772685476890_183688662018625,I went snowboarding for the first time this year this past weekend,2016-03-11 10:31:43,115772685476890
115772685476890_183688622018629,I just started a new Yoga class,2016-03-11 10:31:42,115772685476890
115772685476890_183688572018634,Homeland is the best series on TV right now,2016-03-11 10:31:41,115772685476890
115772685476890_183688565351968,I can’t believe that this is the last season of The Good Wife,2016-03-11 10:31:40,115772685476890
115772685476890_183688538685304,I’m watching old episodes of Friends again. It’s so funny!,2016-03-11 10:31:39,115772685476890
115772685476890_183688515351973,I wonder what twists and turns there will be in the new season of House of Cards,2016-03-11 10:31:38,115772685476890
115772685476890_183688442018647,The Walking Dead is so scary,2016-03-11 10:31:37,115772685476890
115772685476890_183688192018672,Mulder and Scully back together in X Files!,2016-03-11 10:31:36,115772685476890
115772685476890_183688165352008,BIg Bang Theory is the best comedy on TV,2016-03-11 10:31:35,115772685476890
115772685476890_183688132018678,I can’t wait for the next season of Game of Thrones to start,2016-03-11 10:31:34,115772685476890
115772685476890_183688102018681,Just watched the latest James Bond movie. Great action flick as usual.,2016-03-11 10:31:34,115772685476890
115772685476890_183688058685352,Ghostbusters remake. How awesome is that?,2016-03-11 10:31:33,115772685476890
115772685476890_183688018685356,Kung Fu Panda was hilarious,2016-03-11 10:31:32,115772685476890
115772685476890_183687998685358,Superman is the best superhero ever,2016-03-11 10:31:31,115772685476890
115772685476890_183687978685360,I can’t wait for Superman vs. Batman to come out.,2016-03-11 10:31:30,115772685476890
115772685476890_183687942018697,Can’t wait to watch The Lord of the Rings trilogy again.,2016-03-11 10:31:29,115772685476890
179722642415451_181684202219295,My resolution is to join a gym and start spinning classes,2016-03-11 10:41:33,179722642415451
179722642415451_181684185552630,I started swimming three days a week at the local YMCA,2016-03-11 10:41:32,179722642415451
179722642415451_181684168885965,I am planning to hike the Grand Canyon next fall,2016-03-11 10:41:31,179722642415451
179722642415451_181684145552634,I am running in a marathon this summer,2016-03-11 10:41:30,179722642415451
179722642415451_181684105552638,I’m taking part in a bike race this weekend,2016-03-11 10:41:29,179722642415451
179722642415451_181684065552642,I need a new pair of hiking boots before my trip,2016-03-11 10:41:28,179722642415451
179722642415451_181684042219311,I look forward to the spring so I can start jogging again,2016-03-11 10:41:27,179722642415451
179722642415451_181684012219314,I’m looking forward to my spring break holiday on the beach in Mexico,2016-03-11 10:41:26,179722642415451
179722642415451_181683995552649,I hope that we get more snow before I go skiing this weekend,2016-03-11 10:41:25,179722642415451
179722642415451_181683965552652,I went snowboarding for the first time this year this past weekend,2016-03-11 10:41:24,179722642415451
179722642415451_181683945552654,I just started a new Yoga class,2016-03-11 10:41:24,179722642415451
179722642415451_181683922219323,Homeland is the best series on TV right now,2016-03-11 10:41:23,179722642415451
179722642415451_181683878885994,I can’t believe that this is the last season of The Good Wife,2016-03-11 10:41:22,179722642415451
179722642415451_181683835552665,I’m watching old episodes of Friends again. It’s so funny!,2016-03-11 10:41:21,179722642415451
179722642415451_181683818886000,I wonder what twists and turns there will be in the new season of House of Cards,2016-03-11 10:41:20,179722642415451
179722642415451_181683802219335,The Walking Dead is so scary,2016-03-11 10:41:19,179722642415451
179722642415451_181683778886004,Mulder and Scully back together in X Files!,2016-03-11 10:41:18,179722642415451
179722642415451_181683732219342,BIg Bang Theory is the best comedy on TV,2016-03-11 10:41:17,179722642415451
179722642415451_181683665552682,Just watched the latest James Bond movie. Great action flick as usual.,2016-03-11 10:41:16,179722642415451
179722642415451_181683698886012,I can’t wait for the next season of Game of Thrones to start,2016-03-11 10:41:16,179722642415451
179722642415451_181683628886019,Ghostbusters remake. How awesome is that?,2016-03-11 10:41:15,179722642415451
179722642415451_181683572219358,Kung Fu Panda was hilarious,2016-03-11 10:41:14,179722642415451
179722642415451_181683488886033,I can’t wait for Superman vs. Batman to come out.,2016-03-11 10:41:12,179722642415451
179722642415451_181683445552704,Can’t wait to watch The Lord of the Rings trilogy again.,2016-03-11 10:41:11,179722642415451
172131803175396_174410596280850,My resolution is to join a gym and start spinning classes,2016-03-11 10:36:37,172131803175396
172131803175396_174410572947519,I started swimming three days a week at the local YMCA,2016-03-11 10:36:36,172131803175396
172131803175396_174410546280855,I am planning to hike the Grand Canyon next fall,2016-03-11 10:36:35,172131803175396
172131803175396_174410522947524,I am running in a marathon this summer,2016-03-11 10:36:34,172131803175396
172131803175396_174410486280861,I’m taking part in a bike race this weekend,2016-03-11 10:36:33,172131803175396
172131803175396_174410449614198,I need a new pair of hiking boots before my trip,2016-03-11 10:36:32,172131803175396
172131803175396_174410246280885,I look forward to the spring so I can start jogging again,2016-03-11 10:36:24,172131803175396
172131803175396_174410222947554,I’m looking forward to my spring break holiday on the beach in Mexico,2016-03-11 10:36:23,172131803175396
172131803175396_174410206280889,I hope that we get more snow before I go skiing this weekend,2016-03-11 10:36:22,172131803175396
172131803175396_174410192947557,I went snowboarding for the first time this year this past weekend,2016-03-11 10:36:21,172131803175396
172131803175396_174410169614226,I just started a new Yoga class,2016-03-11 10:36:20,172131803175396
172131803175396_174410146280895,Homeland is the best series on TV right now,2016-03-11 10:36:19,172131803175396
172131803175396_174410119614231,I can’t believe that this is the last season of The Good Wife,2016-03-11 10:36:18,172131803175396
172131803175396_174410106280899,I’m watching old episodes of Friends again. It’s so funny!,2016-03-11 10:36:17,172131803175396
172131803175396_174410079614235,I wonder what twists and turns there will be in the new season of House of Cards,2016-03-11 10:36:17,172131803175396
172131803175396_174410069614236,The Walking Dead is so scary,2016-03-11 10:36:16,172131803175396
172131803175396_174410052947571,Mulder and Scully back together in X Files!,2016-03-11 10:36:15,172131803175396
172131803175396_174410032947573,BIg Bang Theory is the best comedy on TV,2016-03-11 10:36:13,172131803175396
172131803175396_174410019614241,I can’t wait for the next season of Game of Thrones to start,2016-03-11 10:36:12,172131803175396
172131803175396_174409999614243,Just watched the latest James Bond movie. Great action flick as usual.,2016-03-11 10:36:10,172131803175396
172131803175396_174409986280911,Ghostbusters remake. How awesome is that?,2016-03-11 10:36:09,172131803175396
172131803175396_174409972947579,Kung Fu Panda was hilarious,2016-03-11 10:36:08,172131803175396
172131803175396_174409929614250,I can’t wait for Superman vs. Batman to come out.,2016-03-11 10:36:07,172131803175396
172131803175396_174409942947582,Superman is the best superhero ever,2016-03-11 10:36:07,172131803175396
172131803175396_174409916280918,Can’t wait to watch The Lord of the Rings trilogy again.,2016-03-11 10:36:06,172131803175396
170284873360104_172525369802721,My resolution is to join a gym and start spinning classes,2016-03-11 10:38:02,170284873360104
170284873360104_172525303136061,I started swimming three days a week at the local YMCA,2016-03-11 10:38:01,170284873360104
170284873360104_172525279802730,I am planning to hike the Grand Canyon next fall,2016-03-11 10:38:00,170284873360104
170284873360104_172525243136067,I am running in a marathon this summer,2016-03-11 10:37:59,170284873360104
170284873360104_172525049802753,I need a new pair of hiking boots before my trip,2016-03-11 10:37:58,170284873360104
170284873360104_172525059802752,I’m taking part in a bike race this weekend,2016-03-11 10:37:58,170284873360104
170284873360104_172525036469421,I look forward to the spring so I can start jogging again,2016-03-11 10:37:57,170284873360104
170284873360104_172525013136090,I’m looking forward to my spring break holiday on the beach in Mexico,2016-03-11 10:37:56,170284873360104
170284873360104_172524993136092,I hope that we get more snow before I go skiing this weekend,2016-03-11 10:37:55,170284873360104
170284873360104_172524983136093,I went snowboarding for the first time this year this past weekend,2016-03-11 10:37:54,170284873360104
170284873360104_172524969802761,I just started a new Yoga class,2016-03-11 10:37:53,170284873360104
170284873360104_172524949802763,Homeland is the best series on TV right now,2016-03-11 10:37:52,170284873360104
170284873360104_172524943136097,I can’t believe that this is the last season of The Good Wife,2016-03-11 10:37:51,170284873360104
170284873360104_172524929802765,I’m watching old episodes of Friends again. It’s so funny!,2016-03-11 10:37:50,170284873360104
170284873360104_172524913136100,I wonder what twists and turns there will be in the new season of House of Cards,2016-03-11 10:37:49,170284873360104
170284873360104_172524883136103,The Walking Dead is so scary,2016-03-11 10:37:49,170284873360104
170284873360104_172524863136105,Mulder and Scully back together in X Files!,2016-03-11 10:37:48,170284873360104
170284873360104_172524856469439,BIg Bang Theory is the best comedy on TV,2016-03-11 10:37:47,170284873360104
170284873360104_172524846469440,I can’t wait for the next season of Game of Thrones to start,2016-03-11 10:37:46,170284873360104
170284873360104_172524809802777,Just watched the latest James Bond movie. Great action flick as usual.,2016-03-11 10:37:45,170284873360104
170284873360104_172524793136112,Ghostbusters remake. How awesome is that?,2016-03-11 10:37:44,170284873360104
170284873360104_172524776469447,Kung Fu Panda was hilarious,2016-03-11 10:37:43,170284873360104
170284873360104_172524759802782,Superman is the best superhero ever,2016-03-11 10:37:42,170284873360104
170284873360104_172524753136116,I can’t wait for Superman vs. Batman to come out.,2016-03-11 10:37:42,170284873360104
170284873360104_172524709802787,Can’t wait to watch The Lord of the Rings trilogy again.,2016-03-11 10:37:41,170284873360104
157507851305335_159446827778104,My resolution is to join a gym and start spinning classes,2016-03-11 10:43:29,157507851305335
157507851305335_159446747778112,I started swimming three days a week at the local YMCA,2016-03-11 10:43:28,157507851305335
157507851305335_159446707778116,I am planning to hike the Grand Canyon next fall,2016-03-11 10:43:27,157507851305335
157507851305335_159446654444788,I am running in a marathon this summer,2016-03-11 10:43:26,157507851305335
157507851305335_159446621111458,I’m taking part in a bike race this weekend,2016-03-11 10:43:25,157507851305335
157507851305335_159446531111467,I look forward to the spring so I can start jogging again,2016-03-11 10:43:24,157507851305335
157507851305335_159446584444795,I need a new pair of hiking boots before my trip,2016-03-11 10:43:24,157507851305335
157507851305335_159446507778136,I’m looking forward to my spring break holiday on the beach in Mexico,2016-03-11 10:43:23,157507851305335
157507851305335_159446437778143,I hope that we get more snow before I go skiing this weekend,2016-03-11 10:43:22,157507851305335
157507851305335_159446381111482,I went snowboarding for the first time this year this past weekend,2016-03-11 10:43:21,157507851305335
157507851305335_159446314444822,I just started a new Yoga class,2016-03-11 10:43:20,157507851305335
157507851305335_159446287778158,Homeland is the best series on TV right now,2016-03-11 10:43:19,157507851305335
157507851305335_159446221111498,I can’t believe that this is the last season of The Good Wife,2016-03-11 10:43:18,157507851305335
157507851305335_159446154444838,I’m watching old episodes of Friends again. It’s so funny!,2016-03-11 10:43:17,157507851305335
157507851305335_159446127778174,I wonder what twists and turns there will be in the new season of House of Cards,2016-03-11 10:43:17,157507851305335
157507851305335_159446087778178,The Walking Dead is so scary,2016-03-11 10:43:16,157507851305335
157507851305335_159446024444851,Mulder and Scully back together in X Files!,2016-03-11 10:43:15,157507851305335
157507851305335_159445994444854,BIg Bang Theory is the best comedy on TV,2016-03-11 10:43:14,157507851305335
157507851305335_159445777778209,I can’t wait for the next season of Game of Thrones to start,2016-03-11 10:43:13,157507851305335
157507851305335_159445531111567,Just watched the latest James Bond movie. Great action flick as usual.,2016-03-11 10:43:12,157507851305335
157507851305335_159445247778262,Ghostbusters remake. How awesome is that?,2016-03-11 10:43:11,157507851305335
157507851305335_159445004444953,Kung Fu Panda was hilarious,2016-03-11 10:43:10,157507851305335
157507851305335_159444671111653,Superman is the best superhero ever,2016-03-11 10:43:09,157507851305335
157507851305335_159444487778338,I can’t wait for Superman vs. Batman to come out.,2016-03-11 10:43:08,157507851305335
157507851305335_159444057778381,Can’t wait to watch The Lord of the Rings trilogy again.,2016-03-11 10:43:07,157507851305335
140073283050815_141628686228608,My resolution is to join a gym and start spinning classes,2016-03-11 10:02:15,140073283050815
140073283050815_141628676228609,I started swimming three days a week at the local YMCA,2016-03-11 10:02:14,140073283050815
140073283050815_141628656228611,I am planning to hike the Grand Canyon next fall,2016-03-11 10:02:13,140073283050815
140073283050815_141628639561946,I am running in a marathon this summer,2016-03-11 10:02:11,140073283050815
140073283050815_141628619561948,I’m taking part in a bike race this weekend,2016-03-11 10:02:10,140073283050815
140073283050815_141628192895324,I need a new pair of hiking boots before my trip,2016-03-11 10:02:09,140073283050815
140073283050815_141628169561993,I look forward to the spring so I can start jogging again,2016-03-11 10:02:09,140073283050815
140073283050815_141628156228661,I’m looking forward to my spring break holiday on the beach in Mexico,2016-03-11 10:02:08,140073283050815
140073283050815_141628126228664,I hope that we get more snow before I go skiing this weekend,2016-03-11 10:02:07,140073283050815
140073283050815_141628099562000,I went snowboarding for the first time this year this past weekend,2016-03-11 10:02:06,140073283050815
140073283050815_141628066228670,Homeland is the best series on TV right now,2016-03-11 10:02:04,140073283050815
140073283050815_141628079562002,I just started a new Yoga class,2016-03-11 10:02:04,140073283050815
140073283050815_141628052895338,I can’t believe that this is the last season of The Good Wife,2016-03-11 10:02:03,140073283050815
140073283050815_141628042895339,I’m watching old episodes of Friends again. It’s so funny!,2016-03-11 10:02:02,140073283050815
140073283050815_141628029562007,I wonder what twists and turns there will be in the new season of House of Cards,2016-03-11 10:02:01,140073283050815
140073283050815_141628006228676,The Walking Dead is so scary,2016-03-11 10:02:00,140073283050815
140073283050815_141627989562011,Mulder and Scully back together in X Files!,2016-03-11 10:01:59,140073283050815
140073283050815_141627972895346,BIg Bang Theory is the best comedy on TV,2016-03-11 10:01:58,140073283050815
140073283050815_141627942895349,I can’t wait for the next season of Game of Thrones to start,2016-03-11 10:01:57,140073283050815
140073283050815_141627932895350,Just watched the latest James Bond movie. Great action flick as usual.,2016-03-11 10:01:57,140073283050815
140073283050815_141627916228685,Ghostbusters remake. How awesome is that?,2016-03-11 10:01:56,140073283050815
140073283050815_141627896228687,Kung Fu Panda was hilarious,2016-03-11 10:01:55,140073283050815
140073283050815_141627869562023,Superman is the best superhero ever,2016-03-11 10:01:54,140073283050815
140073283050815_141627856228691,I can’t wait for Superman vs. Batman to come out.,2016-03-11 10:01:53,140073283050815
140073283050815_141627832895360,Can’t wait to watch The Lord of the Rings trilogy again.,2016-03-11 10:01:52,140073283050815
101481546910111_141557996235799,My resolution is to join a gym and start spinning classes,2016-03-11 10:34:51,101481546910111
101481546910111_141557899569142,I am planning to hike the Grand Canyon next fall,2016-03-11 10:34:49,101481546910111
101481546910111_141557936235805,I started swimming three days a week at the local YMCA,2016-03-11 10:34:49,101481546910111
101481546910111_141557869569145,I am running in a marathon this summer,2016-03-11 10:34:48,101481546910111
101481546910111_141557832902482,I’m taking part in a bike race this weekend,2016-03-11 10:34:47,101481546910111
101481546910111_141557746235824,I look forward to the spring so I can start jogging again,2016-03-11 10:34:45,101481546910111
101481546910111_141557786235820,I need a new pair of hiking boots before my trip,2016-03-11 10:34:45,101481546910111
101481546910111_141557699569162,I’m looking forward to my spring break holiday on the beach in Mexico,2016-03-11 10:34:44,101481546910111
101481546910111_141557629569169,I hope that we get more snow before I go skiing this weekend,2016-03-11 10:34:43,101481546910111
101481546910111_141557569569175,I went snowboarding for the first time this year this past weekend,2016-03-11 10:34:42,101481546910111
101481546910111_141557502902515,I just started a new Yoga class,2016-03-11 10:34:41,101481546910111
101481546910111_141557452902520,Homeland is the best series on TV right now,2016-03-11 10:34:40,101481546910111
101481546910111_141557369569195,I can’t believe that this is the last season of The Good Wife,2016-03-11 10:34:39,101481546910111
101481546910111_141557299569202,I’m watching old episodes of Friends again. It’s so funny!,2016-03-11 10:34:38,101481546910111
101481546910111_141557242902541,I wonder what twists and turns there will be in the new season of House of Cards,2016-03-11 10:34:37,101481546910111
101481546910111_141557212902544,The Walking Dead is so scary,2016-03-11 10:34:36,101481546910111
101481546910111_141557166235882,Mulder and Scully back together in X Files!,2016-03-11 10:34:35,101481546910111
101481546910111_141557129569219,BIg Bang Theory is the best comedy on TV,2016-03-11 10:34:34,101481546910111
101481546910111_141557092902556,I can’t wait for the next season of Game of Thrones to start,2016-03-11 10:34:33,101481546910111
101481546910111_141557082902557,Just watched the latest James Bond movie. Great action flick as usual.,2016-03-11 10:34:33,101481546910111
101481546910111_141557049569227,Ghostbusters remake. How awesome is that?,2016-03-11 10:34:32,101481546910111
101481546910111_141557032902562,Kung Fu Panda was hilarious,2016-03-11 10:34:31,101481546910111
101481546910111_141556989569233,Superman is the best superhero ever,2016-03-11 10:34:30,101481546910111
101481546910111_141556952902570,I can’t wait for Superman vs. Batman to come out.,2016-03-11 10:34:29,101481546910111
101481546910111_141556889569243,Can’t wait to watch The Lord of the Rings trilogy again.,2016-03-11 10:34:28,101481546910111
132749553783808_132760187116078,Plo Kon Mark Zuckerberg updated his profile picture.,2016-03-10 11:00:16,132749553783808
122527904807216_123920931334580,My resolution is to join a gym and start spinning classes,2016-03-11 10:32:59,122527904807216
122527904807216_123920918001248,I started swimming three days a week at the local YMCA,2016-03-11 10:32:58,122527904807216
122527904807216_123920888001251,I am planning to hike the Grand Canyon next fall,2016-03-11 10:32:57,122527904807216
122527904807216_123920841334589,I am running in a marathon this summer,2016-03-11 10:32:56,122527904807216
122527904807216_123920794667927,I’m taking part in a bike race this weekend,2016-03-11 10:32:55,122527904807216
122527904807216_123920781334595,I need a new pair of hiking boots before my trip,2016-03-11 10:32:55,122527904807216
122527904807216_123920734667933,I look forward to the spring so I can start jogging again,2016-03-11 10:32:54,122527904807216
122527904807216_123920688001271,I’m looking forward to my spring break holiday on the beach in Mexico,2016-03-11 10:32:53,122527904807216
122527904807216_123920678001272,I hope that we get more snow before I go skiing this weekend,2016-03-11 10:32:52,122527904807216
122527904807216_123920638001276,I went snowboarding for the first time this year this past weekend,2016-03-11 10:32:51,122527904807216
122527904807216_123920574667949,I just started a new Yoga class,2016-03-11 10:32:50,122527904807216
122527904807216_123920541334619,Homeland is the best series on TV right now,2016-03-11 10:32:49,122527904807216
122527904807216_123920471334626,I can’t believe that this is the last season of The Good Wife,2016-03-11 10:32:48,122527904807216
122527904807216_123920404667966,I’m watching old episodes of Friends again. It’s so funny!,2016-03-11 10:32:47,122527904807216
122527904807216_123920374667969,I wonder what twists and turns there will be in the new season of House of Cards,2016-03-11 10:32:46,122527904807216
122527904807216_123920334667973,The Walking Dead is so scary,2016-03-11 10:32:45,122527904807216
122527904807216_123920288001311,Mulder and Scully back together in X Files!,2016-03-11 10:32:44,122527904807216
122527904807216_123920238001316,BIg Bang Theory is the best comedy on TV,2016-03-11 10:32:43,122527904807216
122527904807216_123920208001319,I can’t wait for the next season of Game of Thrones to start,2016-03-11 10:32:42,122527904807216
122527904807216_123920071334666,Ghostbusters remake. How awesome is that?,2016-03-11 10:32:41,122527904807216
122527904807216_123920131334660,Just watched the latest James Bond movie. Great action flick as usual.,2016-03-11 10:32:41,122527904807216
122527904807216_123920061334667,Kung Fu Panda was hilarious,2016-03-11 10:32:40,122527904807216
122527904807216_123919994668007,Superman is the best superhero ever,2016-03-11 10:32:39,122527904807216
122527904807216_123919938001346,I can’t wait for Superman vs. Batman to come out.,2016-03-11 10:32:38,122527904807216
122527904807216_123919928001347,Can’t wait to watch The Lord of the Rings trilogy again.,2016-03-11 10:32:37,122527904807216
115209912206544_116475252080010,My resolution is to join a gym and start spinning classes,2016-03-11 09:50:38,115209912206544
115209912206544_116475235413345,I started swimming three days a week at the local YMCA,2016-03-11 09:50:37,115209912206544
115209912206544_116475222080013,I am planning to hike the Grand Canyon next fall,2016-03-11 09:50:36,115209912206544
115209912206544_116475205413348,I am running in a marathon this summer,2016-03-11 09:50:35,115209912206544
115209912206544_116475195413349,I’m taking part in a bike race this weekend,2016-03-11 09:50:34,115209912206544
115209912206544_116475185413350,I need a new pair of hiking boots before my trip,2016-03-11 09:50:33,115209912206544
115209912206544_116475165413352,I look forward to the spring so I can start jogging again,2016-03-11 09:50:32,115209912206544
115209912206544_116475155413353,I’m looking forward to my spring break holiday on the beach in Mexico,2016-03-11 09:50:32,115209912206544
115209912206544_116475145413354,I hope that we get more snow before I go skiing this weekend,2016-03-11 09:50:31,115209912206544
115209912206544_116475138746688,I went snowboarding for the first time this year this past weekend,2016-03-11 09:50:30,115209912206544
115209912206544_116475128746689,I just started a new Yoga class,2016-03-11 09:50:29,115209912206544
115209912206544_116475118746690,Homeland is the best series on TV right now,2016-03-11 09:50:28,115209912206544
115209912206544_116475102080025,I can’t believe that this is the last season of The Good Wife,2016-03-11 09:50:27,115209912206544
115209912206544_116475088746693,I’m watching old episodes of Friends again. It’s so funny!,2016-03-11 09:50:26,115209912206544
115209912206544_116475072080028,I wonder what twists and turns there will be in the new season of House of Cards,2016-03-11 09:50:25,115209912206544
115209912206544_116475032080032,Mulder and Scully back together in X Files!,2016-03-11 09:50:24,115209912206544
115209912206544_116475055413363,The Walking Dead is so scary,2016-03-11 09:50:24,115209912206544
115209912206544_116475022080033,BIg Bang Theory is the best comedy on TV,2016-03-11 09:50:23,115209912206544
115209912206544_116475008746701,I can’t wait for the next season of Game of Thrones to start,2016-03-11 09:50:22,115209912206544
115209912206544_116474992080036,Just watched the latest James Bond movie. Great action flick as usual.,2016-03-11 09:50:21,115209912206544
115209912206544_116474985413370,Ghostbusters remake. How awesome is that?,2016-03-11 09:50:20,115209912206544
115209912206544_116474972080038,Kung Fu Panda was hilarious,2016-03-11 09:50:19,115209912206544
115209912206544_116474962080039,Superman is the best superhero ever,2016-03-11 09:50:18,115209912206544
115209912206544_116474955413373,I can’t wait for Superman vs. Batman to come out.,2016-03-11 09:50:17,115209912206544
115209912206544_116474938746708,Can’t wait to watch The Lord of the Rings trilogy again.,2016-03-11 09:50:16,115209912206544
111495682578700_112826065778995,My resolution is to join a gym and start spinning classes,2016-03-11 10:39:45,111495682578700
111495682578700_112826049112330,I started swimming three days a week at the local YMCA,2016-03-11 10:39:44,111495682578700
111495682578700_112826032445665,I am planning to hike the Grand Canyon next fall,2016-03-11 10:39:43,111495682578700
111495682578700_112826005779001,I am running in a marathon this summer,2016-03-11 10:39:42,111495682578700
111495682578700_112825989112336,I’m taking part in a bike race this weekend,2016-03-11 10:39:41,111495682578700
111495682578700_112825959112339,I look forward to the spring so I can start jogging again,2016-03-11 10:39:40,111495682578700
111495682578700_112825979112337,I need a new pair of hiking boots before my trip,2016-03-11 10:39:40,111495682578700
111495682578700_112825922445676,I hope that we get more snow before I go skiing this weekend,2016-03-11 10:39:38,111495682578700
111495682578700_112825942445674,I’m looking forward to my spring break holiday on the beach in Mexico,2016-03-11 10:39:38,111495682578700
111495682578700_112825905779011,I went snowboarding for the first time this year this past weekend,2016-03-11 10:39:37,111495682578700
111495682578700_112825879112347,I just started a new Yoga class,2016-03-11 10:39:36,111495682578700
111495682578700_112825855779016,Homeland is the best series on TV right now,2016-03-11 10:39:35,111495682578700
111495682578700_112825829112352,I can’t believe that this is the last season of The Good Wife,2016-03-11 10:39:34,111495682578700
111495682578700_112825789112356,I wonder what twists and turns there will be in the new season of House of Cards,2016-03-11 10:39:33,111495682578700
111495682578700_112825805779021,I’m watching old episodes of Friends again. It’s so funny!,2016-03-11 10:39:33,111495682578700
111495682578700_112825762445692,The Walking Dead is so scary,2016-03-11 10:39:32,111495682578700
111495682578700_112825739112361,Mulder and Scully back together in X Files!,2016-03-11 10:39:31,111495682578700
111495682578700_112825725779029,BIg Bang Theory is the best comedy on TV,2016-03-11 10:39:30,111495682578700
111495682578700_112825689112366,I can’t wait for the next season of Game of Thrones to start,2016-03-11 10:39:29,111495682578700
111495682578700_112825679112367,Just watched the latest James Bond movie. Great action flick as usual.,2016-03-11 10:39:28,111495682578700
111495682578700_112825655779036,Ghostbusters remake. How awesome is that?,2016-03-11 10:39:27,111495682578700
111495682578700_112825635779038,Kung Fu Panda was hilarious,2016-03-11 10:39:26,111495682578700
111495682578700_112825619112373,Superman is the best superhero ever,2016-03-11 10:39:25,111495682578700
111495682578700_112825605779041,I can’t wait for Superman vs. Batman to come out.,2016-03-11 10:39:24,111495682578700
111495682578700_112825582445710,Can’t wait to watch The Lord of the Rings trilogy again.,2016-03-11 10:39:24,111495682578700
110910119304003_110916585970023,Sabe Alaaeejdeeigb Changberg updated her profile picture.,2016-03-10 11:11:08,110910119304003
106645383064499_107587476303623,My resolution is to join a gym and start spinning classes,2016-03-11 10:35:39,106645383064499
106645383064499_107587459636958,I started swimming three days a week at the local YMCA,2016-03-11 10:35:38,106645383064499
106645383064499_107587452970292,I am planning to hike the Grand Canyon next fall,2016-03-11 10:35:37,106645383064499
106645383064499_107587432970294,I am running in a marathon this summer,2016-03-11 10:35:36,106645383064499
106645383064499_107587406303630,I’m taking part in a bike race this weekend,2016-03-11 10:35:35,106645383064499
106645383064499_107587386303632,I need a new pair of hiking boots before my trip,2016-03-11 10:35:34,106645383064499
106645383064499_107587376303633,I look forward to the spring so I can start jogging again,2016-03-11 10:35:33,106645383064499
106645383064499_107587346303636,I’m looking forward to my spring break holiday on the beach in Mexico,2016-03-11 10:35:32,106645383064499
106645383064499_107587332970304,I hope that we get more snow before I go skiing this weekend,2016-03-11 10:35:31,106645383064499
106645383064499_107587312970306,I went snowboarding for the first time this year this past weekend,2016-03-11 10:35:30,106645383064499
106645383064499_107587296303641,I just started a new Yoga class,2016-03-11 10:35:29,106645383064499
106645383064499_107587269636977,Homeland is the best series on TV right now,2016-03-11 10:35:29,106645383064499
106645383064499_107587259636978,I can’t believe that this is the last season of The Good Wife,2016-03-11 10:35:28,106645383064499
106645383064499_107587246303646,I’m watching old episodes of Friends again. It’s so funny!,2016-03-11 10:35:27,106645383064499
106645383064499_107587226303648,I wonder what twists and turns there will be in the new season of House of Cards,2016-03-11 10:35:26,106645383064499
106645383064499_107587216303649,The Walking Dead is so scary,2016-03-11 10:35:25,106645383064499
106645383064499_107587206303650,Mulder and Scully back together in X Files!,2016-03-11 10:35:24,106645383064499
106645383064499_107587192970318,BIg Bang Theory is the best comedy on TV,2016-03-11 10:35:23,106645383064499
106645383064499_107587176303653,I can’t wait for the next season of Game of Thrones to start,2016-03-11 10:35:22,106645383064499
106645383064499_107587166303654,Just watched the latest James Bond movie. Great action flick as usual.,2016-03-11 10:35:21,106645383064499
106645383064499_107587152970322,Ghostbusters remake. How awesome is that?,2016-03-11 10:35:21,106645383064499
106645383064499_107587142970323,Kung Fu Panda was hilarious,2016-03-11 10:35:20,106645383064499
106645383064499_107587129636991,Superman is the best superhero ever,2016-03-11 10:35:19,106645383064499
106645383064499_107587116303659,I can’t wait for Superman vs. Batman to come out.,2016-03-11 10:35:18,106645383064499
106645383064499_107587092970328,Can’t wait to watch The Lord of the Rings trilogy again.,2016-03-11 10:35:17,106645383064499
